timestamp,volume,open_interest,funding_rate,oi_change_1h,volume_change_1h,buying_rejection,selling_rejection,target_return_4h,tbm_label,close_fd_04
2026-03-21 12:00:00,1926.136,87358.981,-7.38e-06,-0.0014851595600978,0.6041922596109399,89.60000000000582,61.80000000000291,-0.0057314657611772,0,4974.3807133536175
2026-03-21 13:00:00,1321.546,87367.719,-7.38e-06,0.0001000240604911,-0.3138874928873142,84.80000000000291,31.80000000000291,-0.0059433976942105,0,4967.408305259363
2026-03-21 14:00:00,7576.268,87369.208,-7.38e-06,1.7042908033282345e-05,4.732882548167071,482.6999999999971,45.0,-0.0033203484666052,0,4845.345187297833
2026-03-21 15:00:00,4021.483,87326.572,-7.38e-06,-0.0004879980141286,-0.4692000071803162,139.89999999999418,179.10000000000582,-0.0033031582555586,0,4884.407117278548
2026-03-21 16:00:00,4396.147,87309.322,-7.38e-06,-0.0001975343770508,0.0931656306889772,345.3000000000029,60.09999999999127,0.0022411984933454,0,4566.775972466698
2026-03-21 17:00:00,2927.629,87473.833,-7.38e-06,0.0018842317891323,-0.3340466094514128,118.89999999999418,117.10000000000582,0.0005904943220058,0,4704.782690562148
2026-03-21 18:00:00,2015.728,87437.449,-7.38e-06,-0.0004159415307661,-0.3114810653945564,144.09999999999127,99.20000000001164,-0.0015264224580235,0,4823.95611961461
2026-03-21 19:00:00,938.101,87296.932,-7.38e-06,-0.0016070574062606,-0.5346093322114889,51.80000000000291,75.39999999999418,-0.0210954453790826,0,4818.42012147569
2026-03-21 20:00:00,1400.832,87401.294,-7.38e-06,0.0011954830210985,0.4932635185337188,40.5,100.09999999999128,-0.0216931412247771,0,4887.309084506516
2026-03-21 21:00:00,1334.627,87293.692,-7.38e-06,-0.0012311259373345,-0.0472611990588451,160.59999999999127,89.90000000000873,-0.0198445427862847,0,4754.359952079205
2026-03-21 22:00:00,1354.826,87143.479,-7.38e-06,-0.0017207772584528,0.0151345656876415,101.69999999999708,26.5,-0.0144562809950292,0,4726.598729093705
2026-03-21 23:00:00,18948.747,87202.767,-7.38e-06,0.0006803492433438,12.986111131613947,1384.0,370.1999999999971,0.0061772754658362,0,3395.1215361154827
2026-03-22 00:00:00,19627.927,86381.612,-7.38e-06,-0.0094166163328281,0.035843003233934,218.0,715.5,0.0059343003722542,0,3982.7119227446237
2026-03-22 01:00:00,4491.852,86939.831,-7.38e-06,0.0064622433765186,-0.7711499538387319,139.59999999999127,212.60000000000585,0.002760928008403,0,4169.76704335821
2026-03-22 02:00:00,5965.106,87155.821,-7.38e-06,0.0024843618571099,0.3279836468343124,140.29999999998836,337.70000000001164,-0.001598842247565,0,4565.070304162822
2026-03-22 03:00:00,5639.463,87319.601,-7.38e-06,0.0018791630681787,-0.0545913182431293,248.8000000000029,226.6999999999971,-0.006096065332506,0,4568.803001081171
2026-03-22 04:00:00,4300.958,87416.777,-7.38e-06,0.0011128772794095,-0.2373461799465658,179.8000000000029,146.39999999999418,-0.0080316360184321,0,4553.730452817494
2026-03-22 05:00:00,2453.496,87651.771,-7.38e-06,0.0026882025174639,-0.4295466265887738,201.20000000001164,6.399999999994179,-0.0048657048110142,0,4360.032605151122
2026-03-22 06:00:00,2360.808,87785.22,-7.38e-06,0.0015224906294251,-0.0377779299416017,88.30000000000291,101.29999999998836,-0.0076063008756358,0,4458.88374726347
2026-03-22 07:00:00,4043.791,87773.644,-7.38e-06,-0.0001318673006686,0.7128843175726278,334.8999999999942,38.10000000000582,-0.0102708156406738,0,4246.408262519668
2026-03-22 08:00:00,8310.042,87800.538,-7.38e-06,0.0003064017713563,1.0550127343376547,193.3000000000029,256.59999999999127,-0.0020681620845677,0,4237.310146921227
2026-03-22 09:00:00,3327.611,88223.616,-7.38e-06,0.0048186265100105,-0.5995674871438677,81.89999999999418,243.4000000000088,-0.001741782870336,0,4358.221236351557
2026-03-22 10:00:00,2373.528,88194.447,-7.38e-06,-0.0003306257589803,-0.2867171072580299,208.39999999999412,61.60000000000582,0.0010845307145219,0,4215.269813592939
2026-03-22 11:00:00,8390.65,88306.699,-7.38e-06,0.0012727785457966,2.535096278619844,473.0,147.0,0.0093565278613021,1,3890.830414774631
2026-03-22 12:00:00,7278.973,88532.338,-7.38e-06,0.0025551742116416,-0.1324899739591092,126.0,461.3999999999942,0.0021482339738684,0,4541.609918387483
2026-03-22 13:00:00,5691.479,88061.14,-7.38e-06,-0.0053223264023594,-0.2180931293466811,272.5,159.40000000000873,-0.0003684807669061,0,4493.126379538851
2026-03-22 14:00:00,3609.015,88015.687,-7.38e-06,-0.0005161527547791,-0.3658915371558079,212.5,174.5,-0.0013862294413582,0,4487.8241150874455
2026-03-22 15:00:00,3931.235,87915.877,-7.38e-06,-0.001134002396641,0.0892819786008094,185.10000000000585,144.89999999999418,-0.0093627978824351,0,4624.360312144745
2026-03-22 16:00:00,1968.113,87793.122,-7.38e-06,-0.0013962779441987,-0.4993652122043073,90.40000000000872,134.0,-0.0091184216841012,0,4521.633099625775
2026-03-22 17:00:00,1692.107,87703.399,-7.38e-06,-0.001021982109259,-0.1402388988843629,185.0,0.0,-0.0112275078312815,0,4407.228553135865
2026-03-22 18:00:00,3474.251,87527.089,-7.38e-06,-0.0020102983693938,1.0532099920395108,131.6999999999971,280.1999999999971,-0.0040653073841905,0,4409.167451886358
2026-03-22 19:00:00,4201.514,87340.252,-7.38e-06,-0.002134619146308,0.209329435322894,425.2999999999884,62.60000000000582,-0.0049874872745729,1,4042.4962782691
2026-03-22 20:00:00,3567.592,87571.499,-7.38e-06,0.002647656661215,-0.1508794210848756,335.70000000001164,90.5,-0.007226839695956,1,4191.386396324371
2026-03-22 21:00:00,14801.57,87622.947,-7.38e-06,0.0005874970805284,3.1488965105875337,332.5,564.3999999999942,0.0001650349815221,1,3999.0922834267403
2026-03-22 22:00:00,8113.744,86402.562,-7.38e-06,-0.0139276872301498,-0.4518322042864372,75.39999999999418,773.1999999999971,-0.0002796424675886,1,4586.897027535728
2026-03-22 23:00:00,5265.739,86527.218,-7.38e-06,0.0014427349966774,-0.3510099653131773,603.6999999999971,26.5,0.003162289586116,1,4003.1883643915207
2026-03-23 00:00:00,8708.507,86672.012,-2.079e-05,0.001673392527193,0.6538052873490312,488.1000000000058,242.39999999999412,0.0127434674945485,1,3991.1906114171143
2026-03-23 01:00:00,5750.364,87267.317,-2.079e-05,0.0068684802194276,-0.3396842880186007,251.39999999999412,375.6000000000058,0.0145648804577785,1,4358.026047206833
2026-03-23 02:00:00,6201.781,87656.001,-2.079e-05,0.0044539469455673,0.0785023348087183,93.40000000000872,518.1999999999971,-0.0064013567185686,1,4730.109951963583
2026-03-23 03:00:00,4838.08,87743.196,-2.079e-05,0.0009947407936166,-0.219888609417198,510.3999999999942,22.5,0.0038342217147155,1,4340.702944139666
2026-03-23 04:00:00,4255.38,87645.784,-2.079e-05,-0.0011101943448696,-0.1204403399695747,12.5,493.3000000000029,-0.0015239874752752,1,4860.450662642579
2026-03-23 05:00:00,8866.004,87924.073,-2.079e-05,0.0031751555785044,1.0834811462196092,8.19999999999709,359.8000000000029,-0.0081203295761803,0,5052.687327218868
2026-03-23 06:00:00,11928.68,87764.017,-2.079e-05,-0.0018203888257086,0.3454404035910652,1019.8999999999942,192.1999999999971,0.009829715544039,1,3845.9314854728364
2026-03-23 07:00:00,12967.744,88138.335,-2.079e-05,0.0042650509034927,0.0871063688522115,120.39999999999418,849.3000000000029,0.0262246361959418,1,4651.258069520249
2026-03-23 08:00:00,6548.073,87787.727,-2.079e-05,-0.0039779285596898,-0.4950491774051061,269.8999999999942,118.5,0.0337704184643004,1,4650.031584140808
2026-03-23 09:00:00,5950.262,87721.99,-2.079e-05,-0.0007488176564817,-0.0912957140215144,134.60000000000582,425.0,0.0460434814435253,1,4506.662585249949
2026-03-23 10:00:00,5788.214,87468.681,-2.079e-05,-0.0028876339900635,-0.0272337587823863,175.8000000000029,251.1999999999971,0.0422931974159347,1,4739.890497071625
2026-03-23 11:00:00,80533.88,87769.257,-2.079e-05,0.0034363842756472,12.913424762802482,1370.699999999997,1591.6000000000058,0.0002125616821189,1,6249.440287781166
2026-03-23 12:00:00,22583.079,87060.591,-2.079e-05,-0.0080741939059595,-0.7195828761758405,140.0,1066.0,-0.002409843020789,0,6208.319125136928
2026-03-23 13:00:00,20003.766,86601.991,-2.079e-05,-0.0052675957598312,-0.1142144080530384,114.89999999999418,898.6999999999971,-0.0055605318404479,0,6504.248158657421
2026-03-23 14:00:00,18180.731,86661.146,-2.079e-05,0.0006830674366367,-0.091134589356824,380.0,328.9000000000088,-0.0051715590857277,0,5988.683758432082
2026-03-23 15:00:00,21463.132,87451.627,-2.079e-05,0.0091215156559318,0.1805428505597492,1523.300000000003,37.5,0.0076292000536284,1,4511.088009225656
2026-03-23 16:00:00,13490.929,87336.137,-2.079e-05,-0.0013206157959758,-0.3714370763782285,196.7999999999884,439.1000000000058,0.0047774583354597,0,5341.195518197557
2026-03-23 17:00:00,7996.099,85932.033,-2.079e-05,-0.016077010596427,-0.4072981186099192,41.5,727.0999999999913,-0.0033637004645847,0,5756.082528662664
2026-03-23 18:00:00,6371.552,85644.841,-2.079e-05,-0.0033420831554165,-0.2031674445251365,125.5,204.10000000000585,-0.0041581914541704,0,5507.286059011916
2026-03-23 19:00:00,5709.42,85772.763,-2.079e-05,0.0014936334577351,-0.1039200496205633,584.8999999999942,34.60000000000582,0.0030970839567369,0,5033.673821351316
2026-03-23 20:00:00,3721.269,85755.624,-2.079e-05,-0.0001998186767052,-0.3482229368307113,76.89999999999418,367.3000000000029,-0.0031971059559855,0,5369.145081137882
2026-03-23 21:00:00,1745.94,85322.653,-2.079e-05,-0.0050488933530469,-0.5308213407845549,162.60000000000582,27.59999999999127,-0.0047137771363451,0,5223.678829377881
2026-03-23 22:00:00,3283.294,85323.94,-2.079e-05,1.5083919155722825e-05,0.8805308315291476,113.89999999999418,268.0,-0.0046519122879182,0,5147.703490728818
2026-03-23 23:00:00,4213.498,85387.977,-2.079e-05,0.0007505162091669,0.2833142569626721,107.90000000000872,495.8999999999942,-0.0049925281411791,0,5280.210645473664
2026-03-24 00:00:00,6199.428,85432.91,4.229e-05,0.0005262216248547,0.4713257250863774,430.0,272.1000000000058,-0.0043892427459307,0,5009.288663969346
2026-03-24 01:00:00,4958.563,85518.118,4.229e-05,0.0009973674079462,-0.2001579823170782,365.8000000000029,247.89999999999412,-0.003267598279793,0,4901.916632283013
2026-03-24 02:00:00,3286.238,85275.744,4.229e-05,-0.0028341830441123,-0.3372600085952322,252.6999999999971,86.10000000000582,0.0013036809815951,0,4914.889492589624
2026-03-24 03:00:00,2460.375,85370.996,4.229e-05,0.0011169882024131,-0.2513095521383417,46.79999999998836,149.5,0.0105386167764113,0,5056.791871800822
2026-03-24 04:00:00,4046.127,85407.354,4.229e-05,0.0004258823453342,0.6445163846974546,386.5,125.59999999999128,0.0084432875224447,0,4861.703735954681
2026-03-24 05:00:00,5168.093,85666.046,4.229e-05,0.0030289195003043,0.2772938170255159,103.29999999998836,174.10000000000582,0.014788696305744,0,4835.83051880265
2026-03-24 06:00:00,3416.96,85456.678,4.229e-05,-0.002444002142926,-0.3388354273036494,37.09999999999127,287.8000000000029,0.0103477913081955,0,5147.939182510869
2026-03-24 07:00:00,12633.339,85526.453,4.229e-05,0.0008164955815388,2.697245212118374,122.30000000000292,815.3999999999942,-0.001947928010868,0,5811.145762641492
2026-03-24 08:00:00,6615.475,85600.72,3.675e-05,0.0008683512222822,-0.4763478602133608,380.5,109.90000000000872,-0.0001325179251641,0,5169.9069063874485
2026-03-24 09:00:00,4817.413,85693.227,3.675e-05,0.0010806801625031,-0.2717963562707138,51.30000000000291,475.8000000000029,-0.0171346009524677,0,5553.088905345081
2026-03-24 10:00:00,4072.22,85949.528,3.675e-05,0.0029909131558321,-0.1546873809656759,62.40000000000873,187.2999999999884,-0.0195094149983012,0,5344.00928747734
2026-03-24 11:00:00,5395.558,85962.905,3.675e-05,0.0001556378529501,0.3249672168988906,185.5,199.5,-0.0179803814591289,0,5185.153931826979
2026-03-24 12:00:00,4417.19,85782.611,3.675e-05,-0.0020973465240616,-0.1813284186732865,219.60000000000585,102.19999999999708,-0.0208123015492551,0,5011.635654566795
2026-03-24 13:00:00,19945.411,86050.261,3.675e-05,0.0031200962162365,3.51540708006674,962.1999999999972,179.0,-0.0123025104542794,0,4222.843601120825
2026-03-24 14:00:00,23659.283,86295.495,3.675e-05,0.0028498925761537,0.1862018285810205,601.3999999999942,379.8000000000029,-0.0064153958045803,1,4359.0304101394795
2026-03-24 15:00:00,12541.38,86297.365,3.675e-05,2.1669729109330405e-05,-0.4699171568301542,402.3000000000029,98.19999999999708,-0.0070892941777863,1,4542.073884920952
2026-03-24 16:00:00,13279.255,85604.732,3.675e-05,-0.0080261199168711,0.0588352318484888,530.6999999999971,167.10000000000582,0.0089030257040129,1,4236.65796063983
2026-03-24 17:00:00,14034.956,85836.009,3.675e-05,0.0027016847620058,0.0569083883094345,281.0,320.5,0.015767646846326,1,4197.482199351944
2026-03-24 18:00:00,8865.94,85671.263,3.675e-05,-0.0019193110434573,-0.3682958464565189,325.3000000000029,272.1000000000058,0.0126571517085857,1,4568.456081458811
2026-03-24 19:00:00,4274.805,85608.081,3.675e-05,-0.0007374935046773,-0.5178396199387769,326.1999999999971,116.60000000000582,0.0170357038818848,1,4511.3338964999275
2026-03-24 20:00:00,12582.894,85544.399,3.675e-05,-0.000743878372884,1.943501282514641,203.39999999999412,808.7000000000116,0.0105285542612314,1,5284.3085986722435
2026-03-24 21:00:00,5844.12,85844.148,3.675e-05,0.003504016668584,-0.5355504067665198,90.40000000000872,451.8999999999942,0.0049348328928165,1,5254.50126590157
2026-03-24 22:00:00,5708.524,85500.033,3.675e-05,-0.0040086017278662,-0.0232021245285859,270.20000000001164,193.89999999999412,0.0031603107093411,1,5080.612324502479
2026-03-24 23:00:00,7968.403,85406.792,3.675e-05,-0.0010905375907865,0.3958779887760828,276.1000000000058,307.1999999999971,0.0023453042160176,1,5278.727510514109
2026-03-25 00:00:00,6825.485,86159.608,2.31e-05,0.0088144746146183,-0.1434312496493965,223.6999999999971,381.6999999999971,0.0018897157376035,0,5433.61186460359
2026-03-25 01:00:00,4999.115,86157.125,2.31e-05,-2.8818608366898424e-05,-0.2675809850875066,306.8999999999942,52.5,0.0061860252452114,0,5113.83423070459
2026-03-25 02:00:00,3665.029,85902.039,2.31e-05,-0.0029607069641657,-0.2668644350049959,241.5,39.89999999999418,0.0065645390070922,1,4974.447027718255
2026-03-25 03:00:00,4678.112,85936.614,2.31e-05,0.0004024933564148,0.2764188223340116,88.59999999999127,314.3000000000029,0.0029806491222857,0,5204.067544439495
2026-03-25 04:00:00,3587.173,85974.143,2.31e-05,0.0004367055932643,-0.2332007014795712,11.19999999999709,278.20000000001164,0.0038202320050861,0,5379.654627823911
2026-03-25 05:00:00,7548.801,85869.823,2.31e-05,-0.001213388076459,1.104387215224914,239.7999999999884,179.90000000000873,0.0031147958429995,0,5396.668428128483
2026-03-25 06:00:00,4549.668,86446.478,2.31e-05,0.0067154557893986,-0.3972992532191537,270.8999999999942,34.30000000000291,0.0070445360104166,0,5176.892262536756
2026-03-25 07:00:00,4490.549,86782.872,2.31e-05,0.0038913557588777,-0.0129941349566604,333.6000000000058,50.0,0.0105825105782793,0,5116.5279995799065
2026-03-25 08:00:00,9095.11,86917.081,1.074e-05,0.0015464918008245,1.0253893232208355,268.8999999999942,456.6000000000058,0.0066887518589616,0,5436.242137711801
2026-03-25 09:00:00,4503.705,87172.43,1.074e-05,0.0029378460144098,-0.5048212720901673,74.5,243.10000000000585,0.0034375153397895,0,5399.1409913086245
2026-03-25 10:00:00,5659.848,87256.379,1.074e-05,0.0009630223684256,0.2567093093353139,137.3000000000029,211.8000000000029,-0.0036256676559938,0,5478.872199402918
2026-03-25 11:00:00,12351.222,87415.668,1.074e-05,0.0018255284235437,1.1822533043290209,349.59999999999127,225.3000000000029,-0.0119734320721617,0,5563.882778957224
2026-03-25 12:00:00,16689.829,87680.491,1.074e-05,0.0030294683557183,0.3512694533383014,247.9000000000088,599.8999999999942,-0.005515767506354,0,5479.194532259862
2026-03-25 13:00:00,8415.183,87602.047,1.074e-05,-0.0008946573987591,-0.4957897411651132,385.2999999999884,73.30000000000291,-0.0110976622229428,0,5274.434521285191
2026-03-25 14:00:00,8453.325,87884.682,1.074e-05,0.0032263515486115,0.0045325217526464,463.0,13.60000000000582,-0.0058536366138791,0,4948.768339531045
2026-03-25 15:00:00,16505.57,87968.698,1.074e-05,0.0009559800193621,0.9525535809873628,489.90000000000873,261.0,0.0008588492550048,0,4663.833138020054
2026-03-25 16:00:00,15025.604,87083.093,1.074e-05,-0.0100672741569962,-0.0896646404819706,452.1999999999971,618.6999999999971,-0.0044887080937017,0,5354.296853313019
2026-03-25 17:00:00,6405.954,87571.879,1.074e-05,0.0056128690789611,-0.5736641269129681,609.1999999999971,75.80000000000291,0.0034966912876699,0,4677.150415196666
2026-03-25 18:00:00,5942.276,87378.194,1.074e-05,-0.0022117259811222,-0.0723823492956708,334.5,163.40000000000873,0.0076751597755514,0,4896.268878478688
2026-03-25 19:00:00,3149.21,86972.562,1.074e-05,-0.0046422566252627,-0.4700330311146772,229.10000000000585,111.39999999999418,0.0062707118379974,0,4999.1819239384495
2026-03-25 20:00:00,3982.23,86847.445,1.074e-05,-0.0014385801351924,0.2645171328682432,58.0,367.0,0.0041679582922361,0,5110.314220867862
2026-03-25 21:00:00,2495.037,86502.053,1.074e-05,-0.0039769966750318,-0.3734573342072156,149.60000000000582,110.39999999999418,0.0029985915492956,0,5098.58608634588
2026-03-25 22:00:00,4778.789,86317.118,1.074e-05,-0.0021379261368512,0.9153178890733886,275.8999999999942,423.0,-0.0066605822787295,0,5407.07174836364
2026-03-25 23:00:00,2719.025,86309.546,1.074e-05,-8.772304005799647e-05,-0.4310221690055785,114.60000000000582,154.0,-0.0058290963918791,0,5234.648945640496
2026-03-26 00:00:00,3747.894,86309.142,1.074e-05,-4.680826382719161e-06,0.3783963001443531,142.3000000000029,177.6999999999971,-0.0074201089442622,0,5171.940439439219
2026-03-26 01:00:00,2453.274,86390.072,1.074e-05,0.0009376758721573,-0.3454259912366785,128.10000000000582,96.0,-0.0171907056165385,0,5111.411856332794
2026-03-26 02:00:00,5808.408,86573.87,1.074e-05,0.0021275361363282,1.3676148689465588,402.1000000000058,215.0,-0.0112553807070778,0,4764.387357850908
2026-03-26 03:00:00,3359.798,86640.421,1.074e-05,0.000768719245195,-0.4215630169230536,63.0,231.89999999999412,-0.0116828132428728,0,4932.204720043446
2026-03-26 04:00:00,2582.728,86786.307,1.074e-05,0.0016838099159282,-0.2312847379515077,145.0,57.0,-0.0106182054653152,0,4815.733616026962
2026-03-26 05:00:00,12385.966,86807.15,1.074e-05,0.0002401646149086,3.795691222614228,778.9000000000087,82.5,-0.0064453261740822,0,4141.21407528648
2026-03-26 06:00:00,7671.515,86182.257,1.074e-05,-0.0071986351354698,-0.3806284467436774,69.10000000000582,242.10000000000585,-0.0082432287763622,0,4536.218844144736
2026-03-26 07:00:00,5530.53,86616.082,1.074e-05,0.0050338087571784,-0.2790824237455054,86.19999999999709,331.1999999999971,-0.0116267782761249,0,4610.251454450467
2026-03-26 08:00:00,5593.527,86774.968,1.074e-05,0.0018343706657153,0.0113907708664451,109.80000000000292,216.1999999999971,-0.0084417003996517,0,4593.706110144631
2026-03-26 09:00:00,12236.506,86968.368,1.074e-05,0.0022287533427844,1.1876190103310489,593.8999999999942,171.60000000000582,0.0011475805894938,0,4207.05187526963
2026-03-26 10:00:00,4654.052,86981.188,1.074e-05,0.000147409918052,-0.6196584221018647,213.6999999999971,63.0,-0.0004303396660908,0,4362.189516744838
2026-03-26 11:00:00,8815.363,87167.444,1.074e-05,0.002141336584182,0.894126451530838,380.6999999999971,112.10000000000582,-0.0026646716532373,0,4222.177554191214
2026-03-26 12:00:00,5163.581,86870.506,1.074e-05,-0.0034065241146684,-0.4142520279652691,32.89999999999418,207.70000000001164,-0.0070653403482378,0,4528.309563939278
2026-03-26 13:00:00,15536.501,87077.391,1.074e-05,0.002381533267459,2.0088616795204723,254.8000000000029,458.5,-0.0166811745339525,0,4754.400904514208
2026-03-26 14:00:00,9137.728,86992.147,1.074e-05,-0.0009789452695018,-0.4118541877608093,349.8999999999942,233.10000000000585,-0.0142994754507193,0,4523.083368481683
2026-03-26 15:00:00,19276.69,87545.388,1.074e-05,0.0063596660052545,1.1095714383269013,417.8000000000029,501.40000000000873,-0.0079950995441302,0,4190.5707814920825
2026-03-26 16:00:00,6328.572,86641.975,-2.103e-05,-0.0103193671378782,-0.671698201299082,150.09999999999127,107.0,0.001001381616375,0,4223.841057523059
2026-03-26 17:00:00,10124.779,87021.385,-2.103e-05,0.0043790553020055,0.5998520677334476,682.6999999999971,130.90000000000873,0.0062770154887584,0,3900.659855263846
2026-03-26 18:00:00,11417.16,86540.706,-2.103e-05,-0.0055236882290483,0.1276453540368634,124.30000000000292,341.1999999999971,0.0059234263844457,0,4139.049022175219
2026-03-26 19:00:00,4550.355,86693.477,-2.103e-05,0.0017653079927495,-0.6014459813123404,154.6999999999971,184.8000000000029,0.0041647993436755,0,4276.828523807919
2026-03-26 20:00:00,16540.148,86613.048,-2.103e-05,-0.0009277399267306,2.63491375947591,492.8000000000029,595.3000000000029,-0.0032969040418247,0,4787.346515706937
2026-03-26 21:00:00,4792.691,87027.372,-2.103e-05,0.0047836210544167,-0.7102389289382417,327.5,36.0,0.0018958914609395,0,4547.360071321658
2026-03-26 22:00:00,5102.573,87344.184,-2.103e-05,0.0036403719050597,0.0646572040634374,137.5,320.0,0.0001205300417499,0,4532.687044195089
2026-03-26 23:00:00,3663.275,87514.731,-2.103e-05,0.001952585646687,-0.2820729855310252,180.89999999999412,188.0,-0.0008606152235854,0,4472.968071925905
2026-03-27 00:00:00,6047.978,87406.838,-2.103e-05,-0.0012328553006693,0.6509756979751724,195.8000000000029,287.8999999999942,-0.0029994297883234,0,4471.4035906591525
2026-03-27 01:00:00,3407.459,88084.262,-2.103e-05,0.0077502403187266,-0.4365953381444178,16.90000000000873,361.59999999999127,-0.0061956288650232,0,4776.645410494813
2026-03-27 02:00:00,2719.084,88242.488,-2.103e-05,0.0017963027265868,-0.2020200389791924,271.8999999999942,55.30000000000291,-0.003619821462797,0,4542.047361312987
2026-03-27 03:00:00,3607.926,88170.195,-2.103e-05,-0.0008192538723521,0.32689023215171,159.59999999999127,107.30000000000292,-0.0033042916506618,0,4440.410996321683
2026-03-27 04:00:00,7518.881,88366.998,-2.103e-05,0.0022320808068985,1.083989804668943,224.3000000000029,283.0,-0.0096819093028615,0,4321.023285796087
2026-03-27 05:00:00,4033.462,88422.092,-2.103e-05,0.0006234680508214,-0.4635555476938656,241.1999999999971,135.1999999999971,-0.013659664551647,0,4470.919751915069
2026-03-27 06:00:00,2797.227,88571.69,-2.103e-05,0.0016918622554191,-0.3064947680181442,189.5,90.89999999999418,-0.0315513359515604,0,4523.479827102674
2026-03-27 07:00:00,8267.991,88763.097,-2.103e-05,0.0021610403956386,1.9557812076031007,423.3000000000029,85.19999999999709,-0.0268387499872265,0,4409.652740476173
2026-03-27 08:00:00,18150.811,89034.276,-6.298e-05,0.0030550871833596,1.1953109286161538,743.2999999999884,316.6000000000058,-0.0191111517076578,0,3843.9593848998047
2026-03-27 09:00:00,8934.715,89335.463,-6.298e-05,0.0033828207913995,-0.5077511963515019,260.20000000001164,151.6999999999971,-0.0221427631744267,0,3894.478907533143
2026-03-27 10:00:00,26602.953,90099.993,-6.298e-05,0.0085579676236748,1.9774819901921887,1281.5,199.0,-0.0044194389103231,0,2881.3189100726304
2026-03-27 11:00:00,12567.309,91313.87,-6.298e-05,0.013472553765903,-0.5275972182486659,147.6999999999971,487.8000000000029,-0.008568445559169,0,3647.179805521351
2026-03-27 12:00:00,6083.774,91748.608,-6.298e-05,0.0047609196718965,-0.5159047971208474,162.8000000000029,191.39999999999412,-0.009520962940489,0,3676.1855326142177
2026-03-27 13:00:00,15382.501,92233.268,-6.298e-05,0.0052824779641342,1.5284471448150438,546.0,203.89999999999412,-0.0083124350945294,0,3374.1835883043095
2026-03-27 14:00:00,20797.151,93125.365,-6.298e-05,0.0096721824927639,0.3520006272062002,212.5,481.1999999999971,-0.005421483706076,0,3629.948364927972
2026-03-27 15:00:00,17540.701,93630.007,-6.298e-05,0.005418953257257,-0.1565815433085041,523.0,161.6999999999971,-0.0013102947406646,0,3664.3039114898056
2026-03-27 16:00:00,11439.941,93971.692,-5.841e-05,0.0036493108454003,-0.3478059400248598,204.10000000000585,213.6999999999971,0.000568651386372,1,3618.277589407393
2026-03-27 17:00:00,10726.045,94417.626,-5.841e-05,0.0047454077979143,-0.0624038183413708,663.3999999999942,54.0,0.0066505091152978,1,3399.2261368976397
2026-03-27 18:00:00,6797.913,94737.463,-5.841e-05,0.0033874713181201,-0.366223710603489,135.10000000000582,303.0,0.0026913257552733,1,3802.887347558186
2026-03-27 19:00:00,5796.107,94584.384,-5.841e-05,-0.0016158232989624,-0.1473696412413633,114.20000000001164,338.7999999999884,0.0054359188793644,0,4015.451424433886
2026-03-27 20:00:00,4697.996,94901.647,-5.841e-05,0.0033542852063188,-0.1894566473669309,142.8000000000029,216.89999999999412,0.0061667399178575,1,3951.1996393703666
2026-03-27 21:00:00,2232.358,95034.487,-5.841e-05,0.0013997649587682,-0.5248276073457704,107.69999999999708,67.69999999999709,0.0014657716576091,0,4029.4759171108017
2026-03-27 22:00:00,2472.071,95130.787,-5.841e-05,0.0010133163553562,0.1073810741825458,72.09999999999127,106.70000000001164,0.0005910783542559,1,3969.3724387115362
2026-03-27 23:00:00,3728.694,95224.998,-5.841e-05,0.0009903313424708,0.5083280375037773,19.80000000000291,432.6999999999971,-0.0025977861557887,0,4391.080542615753
2026-03-28 00:00:00,3310.686,95177.686,-5.841e-05,-0.0004968443265286,-0.1121057399722261,82.5,150.0,-0.0022051546997358,0,4287.6591844154245
2026-03-28 01:00:00,3788.397,95245.65,-5.841e-05,0.0007140749355893,0.1442936599846678,252.7999999999884,131.0,0.0026142664253496,0,3999.391953410697
2026-03-28 02:00:00,3887.024,94993.728,-5.841e-05,-0.0026449711876604,0.0260339663451323,193.89999999999412,132.10000000000582,0.005121167644399,0,3974.737638328166
2026-03-28 03:00:00,2461.721,95125.608,-5.841e-05,0.0013883021834872,-0.3666823256043697,25.69999999999709,171.8000000000029,0.0049704041890385,0,4223.361395139393
2026-03-28 04:00:00,2029.542,95214.816,-5.841e-05,0.0009377916407116,-0.1755596999010042,31.19999999999709,175.1999999999971,0.001983590842875,0,4240.249244329738
2026-03-28 05:00:00,2222.047,95122.795,-5.841e-05,-0.0009664567329522,0.0948514492432284,39.0,141.0,-0.0005896546523903,0,4289.007324797269
2026-03-28 06:00:00,2682.148,95262.24,-5.841e-05,0.0014659472527063,0.2070617768211025,101.80000000000292,87.30000000000291,-0.0026115837982344,0,4312.423978299514
2026-03-28 07:00:00,2427.447,95421.591,-5.841e-05,0.0016727614215243,-0.0949615755730108,13.099999999991269,179.5,-0.0034921408040793,0,4453.731928939633
2026-03-28 08:00:00,2746.771,95337.595,-5.841e-05,-0.0008802619943739,0.1315472593222426,154.5,22.79999999998836,0.0006297561276928,0,4240.081468291566
2026-03-28 09:00:00,2795.618,95500.801,-5.841e-05,0.0017118745233715,0.0177834264305249,104.0,67.39999999999418,0.0081845878055075,0,4176.9047737628425
2026-03-28 10:00:00,2899.948,95496.576,-5.841e-05,-4.424046663242809e-05,0.0373191187064898,195.0,97.59999999999128,0.0080275108068457,0,4143.634133249609
2026-03-28 11:00:00,2252.391,95337.599,-5.841e-05,-0.0016647403148778,-0.2232995212327945,37.19999999999709,126.5,0.0104663704865851,0,4301.729922815182
2026-03-28 12:00:00,3513.902,95335.011,-5.841e-05,-2.714563852190821e-05,0.5600763810546214,81.40000000000873,225.0,0.0071909625139461,0,4412.224887485827
2026-03-28 13:00:00,13186.355,95589.098,-5.841e-05,0.0026652013497958,2.7526245751873555,335.3999999999942,449.6999999999971,-7.034527556634816e-05,0,4761.408862502853
2026-03-28 14:00:00,5360.55,94637.666,-5.841e-05,-0.009953352630234,-0.5934775000369701,226.10000000000585,84.69999999999709,0.0023217749212336,0,4496.683188658812
2026-03-28 15:00:00,9848.298,94963.071,-5.841e-05,0.0034384301066765,0.837180513193609,301.6999999999971,304.1999999999971,-0.0016317743642723,0,4752.713389331177
2026-03-28 16:00:00,3986.863,94860.475,-1.73e-06,-0.0010803778660443,-0.5951723841012935,170.6999999999971,73.0,-0.000131550819726,0,4546.145514001044
2026-03-28 17:00:00,3473.794,94774.415,-1.73e-06,-0.0009072271670578,-0.1286898998034293,157.09999999999127,164.60000000000582,-0.0024517801600393,0,4456.414262763305
2026-03-28 18:00:00,2489.409,94773.507,-1.73e-06,-9.580644734108468e-06,-0.2833746042511443,48.89999999999418,70.10000000000582,-0.0021249837373694,0,4542.640485243239
2026-03-28 19:00:00,1312.886,95164.089,-1.73e-06,0.004121215014234,-0.472611370811305,43.5,108.30000000000292,-0.0080480911578663,0,4522.3811472958405
2026-03-28 20:00:00,1862.549,95149.289,-1.73e-06,-0.000155520849887,0.4186677289574265,92.5,17.19999999999709,-0.0065948523970069,0,4527.120282403601
2026-03-28 21:00:00,2392.101,95087.178,-1.73e-06,-0.000652774189411,0.2843157414919017,245.1999999999971,118.0,-0.0016310349794732,0,4277.485783095886
2026-03-28 22:00:00,2394.618,94826.67,-1.73e-06,-0.0027396753745284,0.0010522130963532,29.89999999999418,167.0,0.0006698736681202,0,4454.304473071039
2026-03-28 23:00:00,6048.427,94816.894,-1.73e-06,-0.0001030933597055,1.525842117615419,394.1999999999971,101.19999999999708,0.008154091065323,0,4053.4450940984025
2026-03-29 00:00:00,2548.004,93836.989,-1.73e-06,-0.010334708918012,-0.5787327845735759,24.20000000001164,208.7999999999884,0.0038754206524552,0,4325.2239664191
2026-03-29 01:00:00,3135.536,93871.887,-1.73e-06,0.0003719002535342,0.2305851953136652,49.79999999998836,191.9000000000088,0.0030840400925211,0,4424.940800054646
2026-03-29 02:00:00,3493.131,94087.403,-1.73e-06,0.0022958524313034,0.1140458919942235,46.30000000000291,273.3000000000029,-0.0010378337579017,0,4642.082314708234
2026-03-29 03:00:00,5860.433,94288.158,-1.73e-06,0.0021337075272445,0.6777020386581551,224.3000000000029,151.6999999999971,-0.0036365974486995,0,4651.226772222071
2026-03-29 04:00:00,2363.996,94786.936,-1.73e-06,0.0052899325915349,-0.5966175195587083,205.60000000000585,18.59999999999127,-0.0001859017509245,0,4413.059342390443
2026-03-29 05:00:00,3093.997,94555.723,-1.73e-06,-0.0024392918450281,0.3087995918774819,58.19999999999709,176.3000000000029,-0.0021156315504791,0,4499.926370950299
2026-03-29 06:00:00,2055.614,94597.183,-1.73e-06,0.000438471608958,-0.3356121547629166,140.60000000000582,103.29999999998836,-0.0034630399194056,0,4456.983559346474
2026-03-29 07:00:00,3044.013,94738.047,-1.73e-06,0.001489092968022,0.4808290856162684,87.5,111.10000000000582,0.0022256406408284,0,4399.92704008126
2026-03-29 08:00:00,1886.205,95254.695,-1.73e-06,0.0054534373080332,-0.3803558000573585,54.19999999999709,129.5,0.0019358369758358,0,4491.20786521148
2026-03-29 09:00:00,2076.043,95350.309,-1.73e-06,0.0010037720450417,0.100645475968943,139.89999999999418,99.20000000001164,-0.000812311092626,0,4391.491173213959
2026-03-29 10:00:00,3040.43,95273.519,-1.73e-06,-0.0008053461053806,0.464531322328102,126.60000000000582,97.89999999999418,0.0012456110263654,1,4301.647806021865
2026-03-29 11:00:00,4790.749,95279.604,-1.73e-06,6.386874405261977e-05,0.5756814003282431,206.0,307.5,-0.0042048013800374,0,4672.931252146969
2026-03-29 12:00:00,2808.839,95105.983,-1.73e-06,-0.0018222262972462,-0.4136952280321928,25.69999999999709,150.60000000000582,-0.0052500351698479,0,4611.501947410761
2026-03-29 13:00:00,3973.71,95361.612,-1.73e-06,0.0026878330041548,0.4147161870082265,303.0,62.10000000000582,-0.0028461515342769,0,4301.593623846311
2026-03-29 14:00:00,4257.793,95282.186,-1.73e-06,-0.0008328927996728,0.0714906221138431,208.6999999999971,136.1999999999971,-0.0023889585042415,0,4407.458637599368
2026-03-29 15:00:00,5548.023,95518.226,-1.73e-06,0.0024772731389683,0.303027883224948,195.0,211.89999999999412,-0.0027037593984962,0,4373.422383430559
2026-03-29 16:00:00,2852.833,95445.714,2.677e-05,-0.0007591430770499,-0.485792867116809,171.1999999999971,67.80000000000291,0.0016669725792038,1,4376.524620731063
2026-03-29 17:00:00,5384.339,95541.086,2.677e-05,0.0009992276866406,0.8873656467097792,161.59999999999127,245.60000000000585,0.004855583318012,1,4293.885902755006
2026-03-29 18:00:00,1725.593,95879.201,2.677e-05,0.0035389486780588,-0.679516278599843,126.80000000000292,106.0,-0.0086886193996131,1,4393.437460118257
2026-03-29 19:00:00,2175.189,95856.592,2.677e-05,-0.0002358071381924,0.2605457949817829,133.1999999999971,38.09999999999127,-0.0051613233976978,1,4323.855022290074
2026-03-29 20:00:00,4462.303,96035.419,2.677e-05,0.0018655680978099,1.0514552988269066,189.2999999999884,265.9000000000088,-0.0049174960122322,0,4623.542566623109
2026-03-29 21:00:00,2390.255,95420.872,2.677e-05,-0.0063991702894532,-0.4643449806075472,55.69999999999709,201.3000000000029,-0.0008203506961732,0,4638.634079053001
2026-03-29 22:00:00,25831.762,95570.047,2.677e-05,0.0015633372120096,9.807115558800213,865.8000000000029,902.1000000000058,0.0192448226459009,1,3721.7188483174177
2026-03-29 23:00:00,11479.606,93864.431,2.677e-05,-0.0178467632227909,-0.5556011239186858,372.5,158.89999999999418,0.017610442284462,1,4204.164407209551
2026-03-30 00:00:00,16555.213,94223.417,3e-06,0.0038245158062057,0.4421412198293217,792.0,497.0,0.0200434105344508,1,4508.701815113003
2026-03-30 01:00:00,7416.652,93116.674,3e-06,-0.0117459442168181,-0.5520050391378233,182.0,373.0,0.0125315013636205,1,4803.745914375293
2026-03-30 02:00:00,14215.662,92583.433,3e-06,-0.0057265898479148,0.9167222622822266,400.6999999999971,548.5,0.0027784816730513,0,5107.959993664212
2026-03-30 03:00:00,5264.7,92325.915,3e-06,-0.0027814695529816,-0.6296549538108038,149.0,205.10000000000585,0.0067932880348167,0,4931.467328286926
2026-03-30 04:00:00,7756.25,92468.175,3e-06,0.001540845817775,0.4732558360400403,46.0,449.8000000000029,0.0008123813427523,0,5273.604023511798
2026-03-30 05:00:00,6598.791,92413.325,3e-06,-0.0005931770579445,-0.1492292022562449,318.0,55.0,0.0001067314961679,0,4930.473160903559
2026-03-30 06:00:00,5357.868,92391.249,3e-06,-0.0002388832995674,-0.1880530842695275,276.6000000000058,34.79999999998836,0.0028183501948765,0,4710.754057200669
2026-03-30 07:00:00,5275.695,92285.132,3e-06,-0.0011485611586439,-0.0153368839993819,16.70000000001164,415.3999999999942,0.0008225350945842,0,5073.51822482323
2026-03-30 08:00:00,9898.419,91921.011,3e-06,-0.0039456084865328,0.8762303355292527,286.0,59.39999999999418,0.0033311647987698,0,4979.409817593238
2026-03-30 09:00:00,4284.723,91085.25,3e-06,-0.0090921650111093,-0.5671305690332971,201.6999999999971,40.19999999999709,0.0003661092517437,0,4750.089023769127
2026-03-30 10:00:00,3205.103,91402.305,3e-06,0.0034808599636053,-0.2519696139050296,35.0,129.6999999999971,0.0044424351125801,0,4781.185308661472
2026-03-30 11:00:00,7852.554,91508.393,3e-06,0.0011606709480684,1.450016114926728,346.5,191.8000000000029,-0.0009061144246617,0,4968.466874232152
2026-03-30 12:00:00,5273.29,91672.58,3e-06,0.0017942288637939,-0.3284617972700346,90.69999999999708,231.60000000000585,-0.0077557534486798,0,5094.8206291508395
2026-03-30 13:00:00,13074.572,91850.038,3e-06,0.0019357805791,1.4793955955390277,657.5,112.19999999999708,-0.0101598882219676,0,4614.220170314751
2026-03-30 14:00:00,14799.32,92098.943,3e-06,0.0027099063366744,0.1319162111004475,81.10000000000582,707.6999999999971,-0.0168544051520968,0,4990.375271519857
2026-03-30 15:00:00,9621.943,91665.963,3e-06,-0.0047012483085717,-0.349838843946884,284.8000000000029,216.5,-0.015892836535474,0,4726.83847928841
2026-03-30 16:00:00,5589.669,91918.909,7.58e-06,0.0027594320914949,-0.41907065963704,281.8999999999942,145.0,-0.0106649042817044,0,4510.527511213724
2026-03-30 17:00:00,11208.178,91973.962,7.58e-06,0.0005989300852122,1.0051595183900872,638.6000000000058,187.89999999999412,-0.0005179237544381,1,4089.4697282202833
2026-03-30 18:00:00,8496.874,91316.51,7.58e-06,-0.007148240498762,-0.2419040811093471,279.2999999999884,164.20000000001164,0.0018898058558463,1,4145.642213717772
2026-03-30 19:00:00,8875.348,90205.023,7.58e-06,-0.0121718077048716,0.0445427341867139,124.0,315.8999999999942,0.0037344398340248,1,4192.199278011118
2026-03-30 20:00:00,2850.822,89691.526,7.58e-06,-0.0056925543935618,-0.6787932146435272,47.70000000001164,126.19999999999708,0.0083704996930117,1,4396.774069925617
2026-03-30 21:00:00,5139.64,89449.503,7.58e-06,-0.0026983931570079,0.8028624726482398,202.89999999999412,220.60000000000585,0.0168577188163651,1,4564.178080760357
2026-03-30 22:00:00,3017.686,89241.137,7.58e-06,-0.0023294260226353,-0.4128604338047023,224.6999999999971,95.60000000000582,0.017458593334482,1,4499.357423494199
2026-03-30 23:00:00,5430.093,89140.497,7.58e-06,-0.001127731037313,0.7994228027700694,4.7000000000116415,387.2999999999884,0.0135760974411514,1,4526.132785123882
2026-03-31 00:00:00,8170.125,89941.694,1.16e-06,0.008988024825574,0.5046013024086329,103.5,673.6000000000058,0.0050258662399048,0,4934.546979671861
2026-03-31 01:00:00,21388.751,89815.587,1.16e-06,-0.0014020972297897,1.6179221248144915,480.8000000000029,892.0,-0.0036423246072681,0,5499.892758798815
2026-03-31 02:00:00,4698.842,90079.723,1.16e-06,0.0029408703858941,-0.7803124642481462,160.89999999999418,184.9000000000088,-0.0065732317505942,0,5182.278529922201
2026-03-31 03:00:00,4526.069,90411.655,1.16e-06,0.0036848692352218,-0.03676927208874,304.0,60.30000000000291,-0.0048322171453566,0,4827.119537381863
2026-03-31 04:00:00,5390.717,90575.06,1.16e-06,0.0018073444181505,0.1910372996964913,355.59999999999127,68.30000000000291,-0.0113316377845685,0,4702.285983769398
2026-03-31 05:00:00,5254.856,90614.337,1.16e-06,0.0004336403420543,-0.0252027698727275,107.90000000000872,292.5,-0.0229065069794186,0,4895.192678871594
2026-03-31 06:00:00,4352.913,90113.583,1.16e-06,-0.005526211597178,-0.1716399079251649,214.10000000000585,165.29999999998836,-0.0168382607973865,0,4663.003219055434
2026-03-31 07:00:00,6776.714,90359.31,1.16e-06,0.0027268586135344,0.5568227529472793,153.1999999999971,271.9000000000088,-0.0102667209156597,0,4597.444440349602
2026-03-31 08:00:00,11064.148,90709.158,-1.921e-05,0.0038717427125107,0.6326715278230717,731.7999999999884,90.10000000000582,-0.0018173618737555,1,4057.8434713251118
2026-03-31 09:00:00,14984.779,90618.96,-1.921e-05,-0.0009943648688701,0.3543545332184639,792.5,161.3000000000029,0.0174933773882628,1,3668.9676662758575
2026-03-31 10:00:00,8862.329,90565.436,-1.921e-05,-0.0005906490209113,-0.4085779309791623,112.60000000000582,262.3999999999942,0.003414775348488,1,4237.429248125918
2026-03-31 11:00:00,10995.373,90783.486,-1.921e-05,0.002407651413504,0.2406866186078173,197.60000000000585,447.3999999999942,0.0007141528287054,1,4588.759489348857
2026-03-31 12:00:00,6400.174,91274.532,-1.921e-05,0.0054089793379381,-0.4179211564719086,285.5,143.8000000000029,0.0151417361363357,1,4472.332885604177
2026-03-31 13:00:00,13271.792,91149.976,-1.921e-05,-0.0013646303878064,1.0736611223382364,119.39999999999418,631.8000000000029,0.003543199376706,0,5108.685405342592
2026-03-31 14:00:00,24281.881,91315.98,-1.921e-05,0.0018212182524326,0.8295857108068001,1209.9000000000087,181.5,0.0189119221586668,1,4163.783399660191
2026-03-31 15:00:00,16438.359,91202.406,-1.921e-05,-0.0012437472608846,-0.3230195387251918,562.1999999999971,144.10000000000582,0.0165367316341829,1,4520.150148450288
2026-03-31 16:00:00,17863.811,91570.905,-2.763e-05,0.0040404526170065,0.0867149817083323,352.8999999999942,936.7000000000116,0.008791618243273,1,5446.4310278252815
2026-03-31 17:00:00,31074.877,91156.678,-2.763e-05,-0.00452356564566,0.7395435386099862,1106.1000000000058,136.79999999998836,0.0109743250871561,1,4943.0082918840635
2026-03-31 18:00:00,6671.407,89453.289,-2.763e-05,-0.0186863874087205,-0.7853118775015586,115.09999999999128,326.6000000000058,0.0048219704901304,1,5214.708520676417
2026-03-31 19:00:00,4561.967,89342.527,-2.763e-05,-0.0012382104810031,-0.3161911722669597,193.0,131.6999999999971,0.0064672654602303,1,5038.1239923598405
2026-03-31 20:00:00,5345.004,89165.947,-2.763e-05,-0.0019764383875106,0.1716445997965352,6.80000000000291,432.3999999999942,0.0008911401904226,0,5404.05495076831
2026-03-31 21:00:00,4214.782,89005.655,-2.763e-05,-0.0017976817988598,-0.2114539109792995,148.29999999998836,394.2000000000117,-0.0071547279532672,0,5205.367994035078
2026-03-31 22:00:00,3539.41,88746.479,-2.763e-05,-0.0029119048671681,-0.1602388925453322,165.29999999998836,222.10000000000585,-0.0075988823273888,0,5033.040912761062
2026-03-31 23:00:00,3204.005,89128.249,-2.763e-05,0.0043018044693354,-0.0947629689694044,91.10000000000582,191.5,-0.0015752877647765,0,5123.013843386892
2026-04-01 00:00:00,5899.344,89212.452,-3.449e-05,0.0009447397536106,0.8412405723461729,17.10000000000582,479.8999999999942,-0.0002299086223054,0,5107.631431037997
2026-04-01 01:00:00,5867.034,89555.257,-3.449e-05,0.0038425689723222,-0.0054768801412496,583.6000000000058,38.89999999999418,0.0099163940814567,1,4516.324180352691
2026-04-01 02:00:00,4392.19,90026.034,-3.449e-05,0.0052568326614259,-0.2513781239379216,257.3999999999942,88.90000000000873,0.0213726528234142,1,4582.345262949537
2026-04-01 03:00:00,4893.429,89978.671,-3.449e-05,-0.0005261033713869,0.1141205184657312,80.5,510.1000000000058,0.0076011976399447,0,5185.846116537941
2026-04-01 04:00:00,6806.107,90147.709,-3.449e-05,0.0018786452180428,0.3908666090792365,177.6999999999971,307.3000000000029,0.0052510315310894,0,5152.888635353316
2026-04-01 05:00:00,8388.28,90562.414,-3.449e-05,0.0046002832972715,0.2324637270615934,314.3000000000029,303.6999999999971,0.0027799620568795,0,5198.863402992138
2026-04-01 06:00:00,14347.278,90503.712,-3.449e-05,-0.0006481938522531,0.7103956949458052,150.89999999999418,650.9000000000087,-0.0075866052981724,0,5751.753721957641
2026-04-01 07:00:00,9948.863,90916.096,-3.449e-05,0.0045565423880074,-0.3065679078637774,636.1000000000058,20.79999999998836,0.0002621923064037,0,5032.518813137496
2026-04-01 08:00:00,7971.803,91248.887,-4.61e-06,0.0036604189427578,-0.1987222057435105,190.6999999999971,205.3000000000029,-0.0038903815779504,0,5073.614310054792
2026-04-01 09:00:00,5165.172,90807.257,-4.61e-06,-0.0048398398547042,-0.3520697889799836,93.90000000000872,248.39999999999412,-0.0075355204319004,0,5048.647040506243
2026-04-01 10:00:00,3236.913,91215.044,-4.61e-06,0.0044906873467172,-0.3733194170494225,87.0,175.0,0.0002042450882703,0,4981.2187160967005
2026-04-01 11:00:00,3332.164,91225.254,-4.61e-06,0.0001119332903025,0.0294264936993982,32.40000000000873,198.39999999999412,0.0030158774077143,0,5120.748577607548
2026-04-01 12:00:00,9084.82,91252.048,-4.61e-06,0.0002937125283311,1.7264024219696266,410.09999999999127,142.90000000000873,0.0061041077295294,0,4761.609415808176
2026-04-01 13:00:00,12785.834,90900.72,-4.61e-06,-0.0038500834523734,0.4073844060751892,558.6000000000058,207.6999999999971,0.0021779549252916,0,4590.820449591265
2026-04-01 14:00:00,8903.706,90512.375,-4.61e-06,-0.0042721883831062,-0.3036272800037917,98.0,539.1000000000058,-0.0073644490665718,0,5189.829968465921
2026-04-01 15:00:00,7696.492,90383.742,-4.61e-06,-0.0014211647854782,-0.1355855640336731,61.80000000000291,496.6999999999971,-0.0106450629382812,0,5361.48633110361
2026-04-01 16:00:00,6621.467,90660.001,5.77e-06,0.0030565120882029,-0.1396772711515844,180.5,211.10000000000585,-0.0090330047062347,0,5102.806444012618
2026-04-01 17:00:00,8742.133,90588.673,5.77e-06,-0.0007867637239493,0.3202713235601717,902.9000000000088,27.59999999999127,0.0012456092274731,0,4543.729506874683
2026-04-01 18:00:00,8261.383,90313.756,5.77e-06,-0.0030347833884265,-0.0549922999341235,259.6000000000058,153.8000000000029,0.0005025406220335,0,4554.184479815849
2026-04-01 19:00:00,3616.318,89938.96,5.77e-06,-0.0041499325972002,-0.5622623960177127,126.09999999999128,143.8000000000029,-0.0008408688684811,0,4766.966831829886
2026-04-01 20:00:00,2825.356,89762.351,5.77e-06,-0.0019636540160127,-0.2187202563491374,58.0,232.8000000000029,0.0059463202650242,0,4791.287319323412
2026-04-01 21:00:00,3518.395,89610.659,5.77e-06,-0.0016899289992972,0.2452926286103414,185.9000000000088,188.1999999999971,-0.014757474236989,0,4962.853303483389
2026-04-01 22:00:00,2650.481,89270.464,5.77e-06,-0.0037963675727459,-0.246678954466454,236.4000000000088,55.5,-0.0186052249722417,0,4667.844525458029
2026-04-01 23:00:00,2321.258,89309.845,5.77e-06,0.0004411425485588,-0.1242125485902371,134.39999999999418,134.3000000000029,-0.0227372533468456,0,4746.051925975895
2026-04-02 00:00:00,4810.862,89176.967,5.77e-06,-0.0014878314927093,1.0725236057344771,74.0,551.8000000000029,-0.0330328403225548,0,5247.113515792946
2026-04-02 01:00:00,28476.843,89056.036,5.77e-06,-0.0013560788628302,4.919280785855009,1248.800000000003,316.09999999999127,-0.0112632285743146,0,3818.297010799215
2026-04-02 02:00:00,10945.857,88403.315,5.77e-06,-0.007329329142833,-0.6156225252918661,494.7999999999884,231.60000000000585,-0.002524632753481,0,3772.6164781598345
2026-04-02 03:00:00,6817.005,88327.269,5.77e-06,-0.0008602166106553,-0.377206828117707,393.5,82.5,0.0052526060139708,0,3811.432445821454
2026-04-02 04:00:00,7198.698,88498.171,5.77e-06,0.0019348724571117,0.0559913040990875,317.5,128.39999999999418,0.0017797834697331,0,3809.44630691145
2026-04-02 05:00:00,7378.976,88597.963,5.77e-06,0.0011276165244138,0.0250431397455483,70.60000000000582,288.1999999999971,-0.0019471680424048,0,4268.667588431112
2026-04-02 06:00:00,6658.861,88211.37,5.77e-06,-0.0043634524644772,-0.0975900992224395,146.0,146.5,-0.0034342091641923,0,4355.942919229354
2026-04-02 07:00:00,3805.262,88012.928,5.77e-06,-0.0022496192951089,-0.4285416079416584,10.60000000000582,366.5,-0.0105744088243163,0,4585.457858808477
2026-04-02 08:00:00,5263.115,88010.917,5.77e-06,-2.284891601378458e-05,0.3831150128427423,469.6999999999971,45.30000000000291,-0.0060826701115055,0,4040.601868848593
2026-04-02 09:00:00,4756.07,88389.565,5.77e-06,0.0043022844540978,-0.0963393351655815,59.09999999999127,172.60000000000582,-0.0030303212772812,0,4230.438775177361
2026-04-02 10:00:00,3978.965,88518.742,5.77e-06,0.0014614507945591,-0.1633922545294749,47.89999999999418,235.89999999999412,0.0059978321088762,0,4281.010236783011
2026-04-02 11:00:00,5811.944,88727.725,5.77e-06,0.0023608898553937,0.4606672840801566,269.09999999999127,115.5,0.0095194059890662,0,4074.504377526602
2026-04-02 12:00:00,9031.717,88721.21,5.77e-06,-7.342687981681806e-05,0.5539924335127799,201.0,95.09999999999128,0.0156920783710172,1,4032.063744413492
2026-04-02 13:00:00,15856.243,89113.05,5.77e-06,0.0044165312894177,0.7556177856325657,22.69999999999709,551.1999999999971,0.0062527084752057,0,4362.115970754079
2026-04-02 14:00:00,20636.572,89821.35,5.77e-06,0.0079483308000343,0.3014792974603126,257.6000000000058,699.3999999999942,0.0017838329661911,0,4925.199933240241
2026-04-02 15:00:00,8566.429,89858.128,5.77e-06,0.0004094572170201,-0.5848908917624497,150.09999999999127,214.4000000000088,0.0019847150003141,0,4685.721019148434
2026-04-02 16:00:00,7916.796,90567.533,5.77e-06,0.0078947226677146,-0.0758347498123196,184.2999999999884,342.5,-0.0021446649594855,0,4872.353644961571
2026-04-02 17:00:00,12264.218,91244.657,5.77e-06,0.0074764540621858,0.5491390709069679,758.6000000000058,19.0,0.0040410315509578,0,4344.507562481835
2026-04-02 18:00:00,5634.322,90813.611,5.77e-06,-0.0047240683912045,-0.5405885642280658,103.19999999999708,391.6000000000058,0.0001852360863796,0,4767.7617435737775
2026-04-02 19:00:00,3699.127,90353.514,5.77e-06,-0.0050663881210495,-0.3434654604404931,139.6999999999971,115.39999999999418,-0.0011158713655755,0,4676.9202632388115
2026-04-02 20:00:00,3029.761,90256.231,5.77e-06,-0.0010766930437259,-0.1809524247207516,172.59999999999127,150.6999999999971,-0.002159736825979,0,4616.550270498083
2026-04-02 21:00:00,2094.62,90142.255,5.77e-06,-0.0012628047807579,-0.3086517385364721,82.69999999999709,229.39999999999412,-0.0046584477520037,0,4624.927966586802
2026-04-02 22:00:00,2072.862,90149.001,5.77e-06,7.483726693990889e-05,-0.0103875643314776,54.5,172.0,-0.0067120709741015,0,4664.942496036201
2026-04-02 23:00:00,1653.796,90167.247,5.77e-06,0.000202398249538,-0.2021678240037204,201.6999999999971,47.89999999999418,-0.0047630797759782,0,4560.459180637561
2026-04-03 00:00:00,2723.057,90119.344,-8.31e-06,-0.0005312682996743,0.6465495139666559,214.39999999999412,90.80000000000292,-0.0027410884667579,0,4481.983787009631
2026-04-03 01:00:00,4087.425,90456.754,-8.31e-06,0.0037440352428663,0.5010427618665347,282.3000000000029,149.0,-0.0003618672953048,0,4369.153821431806
2026-04-03 02:00:00,7272.397,90492.644,-8.31e-06,0.0003967641819204,0.7792123402875892,222.09999999999127,264.6000000000058,0.0038704089641918,0,4356.559777173687
2026-04-03 03:00:00,4129.956,90701.423,-8.31e-06,0.0023071378044827,-0.4321052604801415,148.5,89.0,0.0068940646130729,0,4468.856450202606
2026-04-03 04:00:00,1744.992,90854.841,-8.31e-06,0.0016914618858847,-0.5774792758082653,87.19999999999709,110.80000000000292,0.0053500513677025,0,4507.954878598255
2026-04-03 05:00:00,3463.985,90898.03,-8.31e-06,0.0004753626721991,0.985100791293026,214.70000000001164,199.7999999999884,0.0038152516939567,0,4505.078812492386
2026-04-03 06:00:00,2064.989,90609.218,-8.31e-06,-0.0031773185843522,-0.4038689543978973,8.0,238.8000000000029,0.001247715766454,0,4700.509258477992
2026-04-03 07:00:00,6199.006,90567.702,-8.31e-06,-0.0004581873778006,2.001955942622455,224.5,292.4000000000088,-0.0003790546913242,0,4879.515843117384
2026-04-03 08:00:00,4767.938,90159.279,-8.31e-06,-0.0045095877556881,-0.2308544305328951,323.0,70.89999999999418,-0.0036542914768059,0,4690.723180232286
2026-04-03 09:00:00,2763.018,90350.392,-8.31e-06,0.0021197263567294,-0.420500434359675,147.10000000000582,114.59999999999128,-0.0027577889206613,0,4578.042802705444
2026-04-03 10:00:00,2217.705,90305.056,-8.31e-06,-0.0005017797819848,-0.1973613635524633,26.59999999999127,201.3000000000029,0.0008183073454677,0,4627.078641759908
2026-04-03 11:00:00,2737.691,90209.612,-8.31e-06,-0.0010569064925889,0.234470319542049,58.5,192.7999999999884,-0.0026469244618814,0,4764.648718968514
2026-04-03 12:00:00,8947.233,90069.502,-8.31e-06,-0.0015531604326155,2.26816759086398,659.6000000000058,84.5,0.0042299941220926,0,4416.6740980586765
2026-04-03 13:00:00,6171.178,90115.948,-8.31e-06,0.0005156684445752,-0.3102696666108953,62.5,166.10000000000582,0.0024968264495547,0,4471.676047424611
2026-04-03 14:00:00,4449.791,90463.489,-8.31e-06,0.0038565981683951,-0.2789397745454757,68.10000000000582,300.0,-0.0017384155455904,0,4771.970215047339
2026-04-03 15:00:00,2790.32,90456.135,-8.31e-06,-8.129246485288899e-05,-0.3729323467102162,192.89999999999412,27.20000000001164,0.0007619064726124,0,4594.753250752015
2026-04-03 16:00:00,2190.628,90476.568,-8.31e-06,0.0002258884928036,-0.2149187189999712,73.60000000000582,172.5,-0.0025741908992496,0,4779.539335303125
2026-04-03 17:00:00,3190.914,90450.325,-8.31e-06,-0.0002900530002419,0.4566206585508812,229.0,96.89999999999418,0.0017736600260436,0,4554.443653313625
2026-04-03 18:00:00,1313.064,90415.198,-8.31e-06,-0.0003883568135326,-0.5884990946167775,116.0,36.80000000000291,0.0011424943511665,0,4573.306832066257
2026-04-03 19:00:00,1227.27,90344.976,-8.31e-06,-0.0007766614634854,-0.0653387801356217,25.89999999999418,116.39999999999418,0.0010918826749629,0,4667.51526706716
2026-04-03 20:00:00,776.851,90245.532,-8.31e-06,-0.001100714222338,-0.3670088896493844,87.89999999999418,0.1000000000058207,0.000947603371851,0,4589.188401090563
2026-04-03 21:00:00,1612.364,90244.787,-8.31e-06,-8.255256337852401e-06,1.0755125500256808,16.80000000000291,137.6999999999971,-0.0016360498733742,0,4737.16907931216
2026-04-03 22:00:00,1236.07,90315.998,-8.31e-06,0.0007890871303182,-0.2333803037031341,83.0,47.0,-0.0006865091235416,0,4621.349778184951
2026-04-03 23:00:00,1189.991,90346.158,-8.31e-06,0.0003339386229224,-0.0372786330871228,0.0,129.3000000000029,-0.0019557746899745,0,4706.847690681527
2026-04-04 00:00:00,939.228,90276.766,3.761e-05,-0.0007680680787774,-0.2107268038161633,71.90000000000873,24.5,-0.0004471803707259,0,4614.590096043306
2026-04-04 01:00:00,1195.529,90404.571,3.761e-05,0.001415702020163,0.2728847521581554,75.69999999999709,24.19999999999709,0.0007632445375636,0,4590.4017384168765
2026-04-04 02:00:00,1049.257,90435.169,3.761e-05,0.0003384563375672,-0.1223491860088713,77.29999999998836,40.80000000000291,0.0025054591770299,0,4606.053505453085
2026-04-04 03:00:00,718.718,90444.293,3.761e-05,0.0001008899535535,-0.3150219631605985,76.29999999998836,0.3000000000029104,0.002738060842137,0,4600.570614268909
2026-04-04 04:00:00,802.699,90396.916,3.761e-05,-0.000523825201442,0.1168483327257701,6.5,88.0,0.0011117179258905,0,4645.739558360823
2026-04-04 05:00:00,1487.395,90382.032,3.761e-05,-0.0001646516347968,0.8529922175061886,37.39999999999418,53.19999999999709,0.0012127828206547,0,4674.624895077919
2026-04-04 06:00:00,1922.566,90388.652,3.761e-05,7.324464667934905e-05,0.2925725849555767,42.19999999999709,110.5,0.0023528884841337,0,4769.591922380801
2026-04-04 07:00:00,1794.695,90109.418,3.761e-05,-0.0030892594791656,-0.066510590533693,37.10000000000582,78.0,0.0021931265116,0,4722.079461796406
2026-04-04 08:00:00,1638.621,90175.644,3.761e-05,0.0007349509237757,-0.0869640802476185,117.19999999999708,33.30000000000291,0.0023046640302027,0,4633.015826224924
2026-04-04 09:00:00,884.97,90138.018,3.761e-05,-0.0004172523569668,-0.4599300265284041,6.099999999991269,70.0,0.0032545655774799,0,4699.2726139799415
2026-04-04 10:00:00,2711.761,90166.136,3.761e-05,0.0003119438459364,2.0642405957264085,11.19999999999709,258.20000000001164,0.0005734363433528,0,4872.747764463362
2026-04-04 11:00:00,2757.579,90309.753,3.761e-05,0.001592804198685,0.0168960317668114,94.90000000000872,78.89999999999418,0.0034024093944636,0,4784.087155438872
2026-04-04 12:00:00,1463.379,90483.649,3.761e-05,0.0019255506102426,-0.4693247228819193,90.5,36.80000000000291,0.0040738421162505,0,4696.926263234323
2026-04-04 13:00:00,2344.2,90612.712,3.761e-05,0.0014263682049338,0.6019090064843078,75.30000000000291,125.19999999999708,0.0019696292987941,0,4819.748513660023
2026-04-04 14:00:00,4367.856,90541.957,3.761e-05,-0.0007808507044795,0.8632608139237268,15.69999999999709,173.90000000000873,0.0013114490544465,0,4784.307553512648
2026-04-04 15:00:00,8203.922,91554.052,3.761e-05,0.0111781878096581,0.8782491913652832,197.1999999999971,211.6999999999971,-0.0014044505940708,0,4946.6457880097005
2026-04-04 16:00:00,5582.375,91724.811,1.651e-05,0.0018651167946122,-0.3195480161805537,164.8000000000029,43.19999999999709,-0.0014108519763808,0,4843.3633118248545
2026-04-04 17:00:00,1946.546,92353.457,1.651e-05,0.0068536091069186,-0.6513050448957657,83.69999999999709,52.40000000000873,0.0003372841641369,0,4791.451445860039
2026-04-04 18:00:00,1442.733,92006.221,1.651e-05,-0.0037598592546458,-0.2588240914933426,84.30000000000291,39.30000000000291,0.0015342143172522,0,4754.483127983403
2026-04-04 19:00:00,2205.233,91995.904,1.651e-05,-0.0001121337219144,0.5285108193962433,261.1000000000058,17.09999999999127,0.0001233967711674,0,4760.348173334001
2026-04-04 20:00:00,1456.19,91896.585,1.651e-05,-0.0010796024136029,-0.3396661486564005,29.19999999999709,89.59999999999127,-0.0009399139205415,0,4738.13219835655
2026-04-04 21:00:00,1362.401,91754.324,1.651e-05,-0.0015480553493909,-0.0644071172031122,127.69999999999708,144.10000000000582,-0.0039272187151874,0,4830.124784117943
2026-04-04 22:00:00,1151.5,91540.327,1.651e-05,-0.002332282454612,-0.1548009726945297,69.80000000000291,63.5,-0.0033338825481786,0,4840.6828231915715
2026-04-04 23:00:00,1340.984,91493.237,1.651e-05,-0.0005144180881068,0.1645540599218409,100.39999999999418,56.80000000000291,-0.0023412763300679,1,4714.4259347575135
2026-04-05 00:00:00,1420.572,91402.972,1.651e-05,-0.0009865756525807,0.0593504471343431,102.19999999999708,45.89999999999418,-0.0016493740417107,1,4647.95814128199
2026-04-05 01:00:00,1631.698,91389.739,1.651e-05,-0.0001447764740077,0.1486204148751349,139.39999999999418,15.400000000008731,-0.0023187982213102,1,4573.633617563239
2026-04-05 02:00:00,3024.169,91380.3,1.651e-05,-0.0001032829298265,0.853387697968619,9.69999999999709,244.3000000000029,-0.0055507317821467,1,4716.125986547086
2026-04-05 03:00:00,827.213,91286.249,1.651e-05,-0.0010292262117765,-0.7264660143001267,53.39999999999418,55.5,-0.0048589330015571,1,4671.788204249286
2026-04-05 04:00:00,1007.637,91326.964,1.651e-05,0.000446014601827,0.2181106921675553,93.80000000000292,31.39999999999418,-0.002589978260286,1,4637.706885537744
2026-04-05 05:00:00,2325.371,91416.432,1.651e-05,0.0009796449600578,1.307746738160667,222.39999999999412,82.30000000000291,0.0013586408211032,1,4500.961485082007
2026-04-05 06:00:00,7701.988,91202.121,1.651e-05,-0.0023443378319556,2.312154490616766,147.0,196.10000000000585,0.0036048260038698,1,4441.097035816259
2026-04-05 07:00:00,2881.334,89986.007,1.651e-05,-0.0133342732237554,-0.6258973657190845,99.70000000001164,102.09999999999128,0.0027744754250053,1,4535.142186468278
2026-04-05 08:00:00,1538.0,89846.134,3.812e-05,-0.0015543861169435,-0.4662194663999383,17.5,110.39999999999418,-0.0021093545614232,1,4664.107352562205
2026-04-05 09:00:00,2024.531,89888.518,3.812e-05,0.00047173983023,0.3163400520156045,24.39999999999418,133.6999999999971,-0.0019792226401577,1,4741.836313756401
2026-04-05 10:00:00,2032.778,89839.739,3.812e-05,-0.0005426610771355,0.0040735360436565,120.5,84.19999999999709,-0.0017877315060071,1,4715.772976322369
2026-04-05 11:00:00,1308.905,89872.635,3.812e-05,0.0003661631296589,-0.3561003710193636,81.40000000000873,38.30000000000291,0.0044719714152184,1,4659.3917642218585
2026-04-05 12:00:00,5228.659,89969.389,3.812e-05,0.0010765679675466,2.9946818141881955,221.3000000000029,101.39999999999418,0.0064028619624458,1,4448.098038476928
2026-04-05 13:00:00,2779.283,89961.692,3.812e-05,-8.555132012733058e-05,-0.4684520447785942,29.5,197.39999999999412,0.0071608682777125,1,4650.743218325319
2026-04-05 14:00:00,2313.054,90058.913,3.812e-05,0.0010806933244431,-0.1677515387961571,47.69999999999709,109.39999999999418,0.0073042568299885,1,4662.977356160343
2026-04-05 15:00:00,17243.801,90143.795,3.812e-05,0.0009425163725882,6.454992836310781,556.4000000000087,479.59999999999127,0.0008458174401908,1,5032.983846918316
2026-04-05 16:00:00,3833.608,89758.696,3.812e-05,-0.0042720522250033,-0.7776819623469327,202.1999999999971,46.60000000000582,0.0068161384246219,1,4787.402514982452
2026-04-05 17:00:00,2318.157,90037.459,3.812e-05,0.0031056935140858,-0.3953067188924898,34.10000000000582,192.1999999999971,0.0026328216185393,1,4943.834964127935
2026-04-05 18:00:00,1759.782,90095.581,3.812e-05,0.0006455313226909,-0.2408702257871232,47.09999999999127,134.5,0.013830287721631,1,4905.913100978418
2026-04-05 19:00:00,2721.463,90145.588,3.812e-05,0.0005550438705756,0.5464773477623934,210.89999999999412,79.10000000000582,0.0247857167257543,1,4810.605377862579
2026-04-05 20:00:00,3902.447,90199.031,3.812e-05,0.0005928520872258,0.4339518854380897,44.90000000000873,334.3000000000029,0.0209235518586802,1,5118.022237477744
2026-04-05 21:00:00,3003.776,89940.642,3.812e-05,-0.0028646538342523,-0.23028397310713,153.39999999999418,142.3000000000029,0.0187116314546167,1,4870.3958667094485
2026-04-05 22:00:00,14605.362,89632.776,3.812e-05,-0.0034229909099382,3.862333942344569,34.89999999999418,999.3999999999942,0.0127442800052699,1,5667.380937930735
2026-04-05 23:00:00,17484.581,90072.929,3.812e-05,0.0049106255506357,0.1971343811950705,110.10000000000582,765.8999999999942,0.0013696069010795,0,6023.9371865555295
2026-04-06 00:00:00,14169.018,91034.347,3.812e-05,0.0106737730267436,-0.1896278212214521,531.1000000000058,54.0,0.0008066396435146,0,5699.069792313276
2026-04-06 01:00:00,6282.17,91483.957,3.812e-05,0.004938905092602,-0.55662629548498,320.20000000001164,21.89999999999418,0.0055856906295025,1,5267.49740912499
2026-04-06 02:00:00,7133.971,91669.248,3.812e-05,0.0020253933703371,0.1355902498658903,202.59999999999127,443.40000000000873,-0.0032507704137976,0,5685.865843058717
2026-04-06 03:00:00,3887.373,92064.476,3.812e-05,0.0043114567711952,-0.4550898791150117,131.0,65.79999999998836,-3.907810410402721e-05,0,5405.403230597753
2026-04-06 04:00:00,3311.978,92698.032,3.812e-05,0.0068816554172319,-0.1480164110827543,80.39999999999418,164.3000000000029,0.0012169428543313,0,5380.521066265603
2026-04-06 05:00:00,1991.853,93147.432,3.812e-05,0.0048479993620575,-0.3985911138298623,47.39999999999418,115.10000000000582,0.0076958553994599,0,5394.464911602263
2026-04-06 06:00:00,6473.617,93323.513,3.812e-05,0.0018903473366824,2.2500475687713903,379.5,189.09999999999127,0.0113183688207579,0,5128.301640475263
2026-04-06 07:00:00,4997.301,93179.738,3.812e-05,-0.0015406085280995,-0.2280511806614447,101.10000000000582,289.6999999999971,0.0071486777334394,0,5307.890682536112
2026-04-06 08:00:00,3993.886,94186.889,3.812e-05,0.010808691048262,-0.2007913871908057,137.0,144.0,0.0021042986369753,0,5355.436243377895
2026-04-06 09:00:00,18431.974,94718.561,3.812e-05,0.0056448620996496,3.615047600256992,553.5,519.3999999999942,-0.0042984588102622,0,5797.4654846103
2026-04-06 10:00:00,5348.035,94895.657,3.812e-05,0.0018697074589213,-0.7098501224014313,243.0,73.19999999999709,-0.0017092252277054,0,5603.028589388145
2026-04-06 11:00:00,3764.749,94779.419,3.812e-05,-0.0012249032640135,-0.2960500445490727,155.59999999999127,59.60000000000582,0.0048704004966686,0,5348.03656926017
2026-04-06 12:00:00,4709.786,94755.767,3.812e-05,-0.000249547847513,0.251022578132035,265.09999999999127,54.30000000000291,0.0060847480360497,0,5108.443794714687
2026-04-06 13:00:00,6493.035,94745.091,3.812e-05,-0.0001126686041178,0.37862633249154,121.59999999999128,199.6999999999971,0.0020288242905599,0,5248.920352246598
2026-04-06 14:00:00,12807.333,94572.308,3.812e-05,-0.0018236617662861,0.9724725032284596,171.3000000000029,532.0,0.0033453030738292,0,5453.175717137012
2026-04-06 15:00:00,7526.043,93779.739,3.812e-05,-0.0083805610411876,-0.4123645414701093,9.39999999999418,432.5,-0.003113447030641,0,5657.376693892831
2026-04-06 16:00:00,10741.826,94068.972,3.812e-05,0.0030841736507711,0.4272873540584341,573.3000000000029,21.59999999999127,0.0002895675409121,0,5336.441310155635
2026-04-06 17:00:00,9573.939,94848.192,3.812e-05,0.0082834964965918,-0.1087233213421999,237.7999999999884,300.6000000000058,-0.0009217636891255,0,5122.7991303166855
2026-04-06 18:00:00,5050.802,95151.529,3.812e-05,0.0031981315995985,-0.4724426382913032,102.40000000000872,416.5,-0.0154009353942354,0,5504.09184458854
2026-04-06 19:00:00,3330.826,95082.704,3.812e-05,-0.0007233199584212,-0.3405352258908585,157.39999999999418,161.0,-0.0127236574812639,0,5239.570306997077
2026-04-06 20:00:00,2833.907,94817.613,3.812e-05,-0.0027880044303325,-0.1491879191527867,160.60000000000582,201.39999999999412,-0.014914143715767,0,5334.090957449414
2026-04-06 21:00:00,2367.163,95033.818,3.812e-05,0.0022802198152784,-0.164699829599207,307.8000000000029,76.5,-0.0160140479154822,0,4994.132090761916
2026-04-06 22:00:00,7405.076,94874.299,3.812e-05,-0.0016785498400159,2.1282493009564614,777.0999999999913,0.1000000000058207,-0.0019890341407242,0,4397.296401278814
2026-04-06 23:00:00,14131.575,93958.623,3.812e-05,-0.0096514652508788,0.9083632632534764,62.20000000001164,590.3999999999942,-0.0010404269819333,0,4739.688246597907
2026-04-07 00:00:00,7076.461,91588.306,-3.15e-06,-0.0252272428470988,-0.4992447055618358,373.1000000000058,56.0,0.0011725563619912,0,4735.087498789326
2026-04-07 01:00:00,7228.844,91671.187,-3.15e-06,0.0009049299372345,0.0215337864506,514.4000000000087,72.89999999999418,0.0038558361942488,1,4433.444204037609
2026-04-07 02:00:00,5150.666,91261.497,-3.15e-06,-0.0044691250697997,-0.2874841399261071,44.30000000000291,398.40000000000873,-0.0014612406997056,0,4894.879598039079
2026-04-07 03:00:00,2875.385,91340.193,-3.15e-06,0.000862313271061,-0.4417450092861777,33.69999999999709,159.8000000000029,-0.002243029806695,0,4957.4197905313995
2026-04-07 04:00:00,4248.648,91176.492,-3.15e-06,-0.0017922121097335,0.47759273975485,136.3000000000029,308.8000000000029,0.001275804897754,0,4994.074482913456
2026-04-07 05:00:00,2555.837,91426.216,-3.15e-06,0.0027389077438952,-0.3984352198628834,203.5,49.89999999999418,0.0070277949801464,0,4769.235777802547
2026-04-07 06:00:00,3505.289,91428.296,-3.15e-06,2.2750586111897064e-05,0.3714837839815295,95.89999999999418,139.39999999999418,-0.0050189670265538,0,4750.817599757815
2026-04-07 07:00:00,2041.225,91221.169,-3.15e-06,-0.0022654583871934,-0.4176728366762342,85.69999999999709,122.10000000000582,-0.0041010553693501,0,4858.405487480406
2026-04-07 08:00:00,4642.324,91063.573,3.703e-05,-0.0017276253059198,1.2742833347622136,56.29999999998836,336.4000000000088,-0.0078380892535022,0,5174.439204644397
2026-04-07 09:00:00,6058.021,91448.526,3.703e-05,0.0042272995372143,0.3049543719912699,109.19999999999708,209.8000000000029,-0.0130473536314675,0,5258.105253017449
2026-04-07 10:00:00,13660.183,91510.05,3.703e-05,0.0006727719154271,1.2548919853529727,974.0,44.19999999999709,-0.0053522200715584,1,4231.278959718868
2026-04-07 11:00:00,7993.096,91690.578,3.703e-05,0.0019727669255997,-0.4148617189096223,119.30000000000292,277.8000000000029,-0.0025237590542053,1,4671.7464548718635
2026-04-07 12:00:00,7657.761,91057.853,3.703e-05,-0.0069006545034538,-0.0419530805084786,212.3000000000029,327.1999999999971,-0.002337384995685,1,4769.30012262486
2026-04-07 13:00:00,8543.123,90915.294,3.703e-05,-0.0015655870998848,0.1156163009004851,405.6999999999971,40.10000000000582,0.0067719229827541,1,4617.728916396394
